batch,chi2_family,p_family,chi2_genus,p_genus
1,0.18761107228788942,0.9999797917039541,0.2832927860370141,0.9999999997994444
2,0.31547604193148476,0.9998814168591738,0.5824750564537371,0.9999999726564149
3,0.06968941422722934,0.9999993391956273,0.1726351873445819,0.9999999999934313
